{"_timestamp":1.763775047394006e+09,"train/loss":1.8813116550445557,"val/loss":1.8193775415420532,"_wandb":{"runtime":2270},"global_step":1742,"_step":1742,"train/avg_epoch_loss":1.9298666286468507,"_runtime":2270.326516833,"epoch":69,"train/step":17}